{
  "model": "LightGBM",
  "best_iteration": 2000,
  "horizon_min": 1,
  "city": "TPE",
  "sno": null,
  "n_train": 13169542,
  "n_valid": 3292386,
  "mae_train": 0.16691007504379307,
  "r2_train": 0.9558855073227106,
  "mae_valid": 0.1803284120701658,
  "r2_valid": 0.9510455607122598,
  "params": {
    "n_estimators": 2000,
    "learning_rate": 0.05,
    "num_leaves": 31,
    "min_data_in_leaf": 20,
    "subsample": 0.9,
    "subsample_freq": 1,
    "colsample_bytree": 0.9,
    "random_state": 42
  }
}